{
	"format_version": "1.8.0",
	"animations": {
		"animation.model.new": {
			"animation_length": 2.1917,
			"bones": {
				"bone5": {
					"rotation": {
						"0.0": [0, 0, 0],
						"0.5": [0, 0, -35],
						"0.6667": [0, 0, -35],
						"1.075": [0, 360, 0],
						"1.325": [0, 360, 12.5]
					}
				},
				"zuotui": {
					"rotation": {
						"0.0": [0, 0, 0],
						"0.7083": [-4.26175, -9.05478, 0.35369],
						"0.725": [-4.26175, -9.05478, 0.9058],
						"0.7333": [-4.26175, -9.05478, 1.61298],
						"0.7417": [-4.26175, -9.05478, 2.59792],
						"0.75": [-4.26175, -9.05478, 3.40758],
						"0.7583": [-4.26175, -9.05478, 4.84421],
						"0.7667": [-4.26175, -9.05478, 6.54083],
						"0.775": [-4.26175, -9.05478, 7.81061],
						"0.7833": [-4.26175, -9.05478, 9.91518],
						"0.7917": [-4.26175, -9.05478, 12.2445],
						"0.8": [-4.26175, -9.05478, 13.9134],
						"0.8083": [-4.26175, -9.05478, 16.57539],
						"0.8167": [-4.26175, -9.05478, 19.40791],
						"0.825": [-4.26175, -9.05478, 21.37771],
						"0.8417": [-4.26175, -9.05478, 27.58385],
						"0.85": [-4.26175, -9.05478, 29.71974],
						"0.8667": [-4.26175, -9.05478, 36.18227],
						"0.875": [-4.26175, -9.05478, 38.31749],
						"0.8833": [-4.26175, -9.05478, 41.46277],
						"0.8917": [-4.26175, -9.05478, 44.50376],
						"0.9": [-4.26175, -9.05478, 46.45363],
						"0.9083": [-4.26175, -9.05478, 49.23322],
						"0.9167": [-4.26175, -9.05478, 51.80524],
						"0.925": [-4.26175, -9.05478, 53.38667],
						"0.9333": [-4.26175, -9.05478, 55.53398],
						"0.9417": [-4.26175, -9.05478, 57.38337],
						"0.95": [-4.26175, -9.05478, 58.43675],
						"0.9583": [-4.26291, -9.05388, 59.74928],
						"0.9667": [-4.281, -9.03993, 60.99402],
						"0.975": [-4.30671, -9.0201, 61.8317],
						"0.9917": [-4.46513, -8.89791, 64.37898],
						"1.0": [-4.55109, -8.83162, 65.23813],
						"1.0167": [-4.93962, -8.53195, 67.8386],
						"1.025": [-5.1198, -8.39299, 68.71094],
						"1.0417": [-5.80614, -7.86364, 71.33319],
						"1.05": [-6.06274, -7.66573, 72.20563],
						"1.0667": [-6.76835, -7.12151, 74.80039],
						"1.075": [-6.95748, -6.97565, 75.6526],
						"1.0917": [-7.37017, -6.65735, 78.14429],
						"1.1": [-7.4626, -6.58606, 78.94537],
						"1.1167": [-7.63639, -6.45202, 81.22053],
						"1.125": [-7.66607, -6.42913, 81.92484],
						"1.1333": [-7.68936, -6.41117, 82.91726],
						"1.1417": [-7.69321, -6.40763, 83.72978],
						"1.15": [-7.69796, -6.3993, 84.32136],
						"1.1667": [-7.7463, -6.31466, 85.99661],
						"1.175": [-7.77625, -6.26222, 86.49931],
						"1.1917": [-7.92109, -6.00859, 87.82286],
						"1.2": [-7.99157, -5.88519, 88.21889],
						"1.2167": [-8.28145, -5.37759, 89.33924],
						"1.225": [-8.40188, -5.16672, 89.69985],
						"1.2417": [-8.78018, -4.50429, 90.76486],
						"1.25": [-8.89377, -4.30539, 91.11689],
						"1.2667": [-9.1575, -3.84357, 92.17009],
						"1.275": [-9.21992, -3.73428, 92.52097],
						"1.2917": [-9.3453, -3.51474, 93.57492],
						"1.3": [-9.37014, -3.47124, 93.92693],
						"1.3167": [-9.40642, -3.40772, 94.98561],
						"1.325": [-9.40804, -3.40487, 95.28025]
					}
				},
				"bone2": {
					"rotation": {
						"0.0": [0, 0, 0],
						"0.5": [0, 0, -42.5],
						"0.6667": [0, 0, -42.5],
						"1.075": [0, 0, -92.5],
						"1.325": [0, 0, -4.83]
					}
				},
				"youshuo": {
					"rotation": {
						"0.0": [0, 0, 0],
						"0.5": [0, 0, -40],
						"0.6667": [0, 0, -40],
						"0.7667": [0, 0, -39.57911],
						"0.875": [0, 0, -39.41021],
						"0.925": [0, 0, -39.78028],
						"0.975": [0, 0, -40.6067],
						"1.0": [0, 0, -41.23581],
						"1.0167": [0, 0, -41.81949],
						"1.025": [-0.00086, 0, -42.11342],
						"1.0333": [-0.00798, 0, -42.35396],
						"1.05": [-0.08344, 0, -43.19627],
						"1.0583": [-0.13154, 0, -43.5204],
						"1.075": [-0.3716, 0, -44.63754],
						"1.0833": [-0.49163, 0, -45.06215],
						"1.1": [-1.01178, 0, -46.50942],
						"1.1083": [-1.24847, 0, -47.05413],
						"1.125": [-2.18236, 0, -48.89303],
						"1.1333": [-2.57141, 0, -49.57773],
						"1.15": [-3.95537, 0, -51.85404],
						"1.1583": [-4.47877, 0, -52.68531],
						"1.175": [-6.18098, 0, -55.36593],
						"1.1833": [-6.77967, 0, -56.30611],
						"1.2": [-8.62665, 0, -59.15969],
						"1.2083": [-9.25182, 0, -60.0882],
						"1.2167": [-10.19281, 0, -61.42231],
						"1.225": [-11.13431, 0, -62.65603],
						"1.2417": [-12.80318, 0, -64.53715],
						"1.25": [-13.43858, 0, -65.21127],
						"1.2667": [-15.44152, 0, -67.41428],
						"1.275": [-16.15681, 0, -68.213],
						"1.2833": [-17.3099, 0, -69.46019],
						"1.2917": [-18.64899, 0, -70.71972],
						"1.3": [-18.32546, 0, -71.51925],
						"1.3083": [-17.92198, 0, -72.57803],
						"1.3167": [-17.70943, 0, -73.42122],
						"1.3333": [-17.54035, 0, -74.40391],
						"1.3417": [-17.50478, 0, -74.81334],
						"1.35": [-17.5, 0, -75]
					}
				},
				"bone7": {
					"rotation": {
						"0.0": [0, 0, 0],
						"0.5": [1.43455, 2.04767, 12.52564],
						"0.6667": [1.43455, 2.04767, 12.52564],
						"1.075": [1.43455, 2.04767, 12.52564],
						"1.325": [0.95723, 2.30959, 0.0193]
					}
				},
				"zuoshou": {
					"rotation": {
						"0.0": [0, 0, 0],
						"0.5": [0, 0, 150],
						"0.6667": [0, 0, 150],
						"1.075": [0, 0, 110],
						"1.325": [0, 0, 102.5]
					}
				},
				"bone9": {
					"rotation": {
						"0.0": [0, 0, 0],
						"1.075": [0, 0, 32.5],
						"1.325": [0, 0, 5]
					}
				},
				"youtui": {
					"rotation": {
						"0.0": [0, 0, 0],
						"0.5": [0, -12.5, 30],
						"0.6667": [0, -12.5, 30],
						"1.075": [-11.36081, -5.24826, 95.52239],
						"1.325": [-1.76782, -4.2453, 100.4377]
					}
				},
				"bone4": {
					"rotation": {
						"0.0": [0, 0, -0.0238],
						"0.0083": [0, 0, -0.19525],
						"0.0167": [0, 0, -0.69768],
						"0.025": [0, 0, -1.424],
						"0.0333": [0, 0, -2.00703],
						"0.0417": [0, 0, -3.00175],
						"0.05": [0, 0, -4.11872],
						"0.0583": [0, 0, -4.92043],
						"0.075": [0, 0, -7.55456],
						"0.0833": [0, 0, -8.49771],
						"0.1": [0, 0, -11.48445],
						"0.1083": [0, 0, -12.52691],
						"0.125": [0, 0, -15.7716],
						"0.1333": [0, 0, -16.88834],
						"0.1583": [0, 0, -22.09681],
						"0.1667": [0, 0, -23.29018],
						"0.1833": [0, 0, -26.93709],
						"0.1917": [0, 0, -28.17291],
						"0.2083": [0, 0, -31.93496],
						"0.2167": [0, 0, -33.20532],
						"0.2333": [0, 0, -37.06011],
						"0.2417": [0, 0, -38.35826],
						"0.2583": [0, 0, -42.2872],
						"0.2667": [0, 0, -43.60723],
						"0.2833": [0, 0, -47.59335],
						"0.2917": [0, 0, -48.92962],
						"0.3083": [0, 0, -52.95594],
						"0.3167": [0, 0, -54.30256],
						"0.3333": [0, 0, -58.35008],
						"0.3417": [0, 0, -59.7001],
						"0.3583": [0, 0, -63.74429],
						"0.3667": [0, 0, -65.08785],
						"0.3833": [0, 0, -69.09102],
						"0.3917": [0, 0, -70.41147],
						"0.4083": [0, 0, -74.29995],
						"0.4167": [0, 0, -75.55936],
						"0.425": [0, 0, -77.3916],
						"0.4333": [0, 0, -79.11445],
						"0.4417": [0, 0, -80.15245],
						"0.45": [0, 0, -81.30996],
						"0.4583": [0, 0, -81.97458],
						"0.475": [0, 0, -82.42828],
						"0.4917": [0, 0, -82.34519],
						"0.5167": [0, 0, -81.59496],
						"0.525": [0, 0, -81.21718],
						"0.5333": [0, 0, -80.95652],
						"0.55": [0, 0, -80.2099],
						"0.5667": [0, 0, -79.73909],
						"0.575": [0, 0, -79.58217],
						"0.5833": [0, 0, -79.55161],
						"0.5917": [0, 0, -79.65012],
						"0.6083": [0, 0, -80.3492],
						"0.6167": [0, 0, -81.31666],
						"0.625": [0, 0, -81.87862],
						"0.6417": [0, 0, -83.3294],
						"0.65": [0, 0, -83.77329],
						"0.6667": [0, 0, -85.03985],
						"0.675": [0, 0, -85.44581],
						"0.6917": [0, 0, -86.62854],
						"0.7": [0, 0, -87.013],
						"0.7167": [0, 0, -88.14225],
						"0.725": [0, 0, -88.51155],
						"0.7417": [0, 0, -89.60115],
						"0.75": [0, 0, -89.95864],
						"0.7667": [0, 0, -91.01585],
						"0.775": [0, 0, -91.36344],